"","time.end"
"1",35
"2",81
"3",37
"4",25
"5",134
"6",33
"7",339
"8",9
"9",16
"10",30
"11",314
"12",339
"13",275
"14",283
"15",83
"16",64
"17",90
"18",74
"19",94
"20",296
"21",40
"22",103
"23",197
"24",339
"25",69
"26",147
"27",107
"28",120
"29",54
"30",295
"31",95
"32",337
"33",51
"34",84
"35",156
"36",155
"37",133
"38",72
"39",57
"40",77
"41",339
"42",254
"43",339
"44",91
"45",115
"46",101
"47",60
"48",307
"49",75
"50",303
"51",306
"52",274
"53",195
"54",76
"55",339
"56",310
"57",339
"58",339
"59",339
"60",114
"61",99
"62",252
"63",108
"64",199
"65",138
"66",339
"67",222
"68",97
"69",339
"70",339
"71",339
"72",339
"73",268
"74",339
"75",339
"76",339
"77",174
"78",121
"79",161
"80",146
"81",339
"82",339
"83",339
"84",313
"85",220
"86",149
"87",320
"88",339
"89",229
"90",322
"91",141
"92",339
"93",143
"94",187
"95",339
"96",170
"97",300
"98",182
"99",339
"100",339
"101",325
"102",144
"103",217
"104",160
"105",178
"106",299
"107",204
"108",339
"109",339
"110",198
"111",339
"112",206
"113",339
"114",276
"115",339
"116",339
"117",291
"118",339
"119",312
"120",225
"121",203
"122",237
"123",339
"124",331
"125",339
"126",339
"127",247
"128",336
"129",259
"130",339
"131",223
"132",209
"133",302
"134",339
"135",339
"136",200
"137",230
"138",339
"139",339
"140",232
"141",328
"142",258
"143",339
"144",339
"145",243
"146",339
"147",339
"148",338
"149",246
"150",293
"151",261
"152",288
"153",339
"154",339
"155",329
"156",315
"157",316
"158",339
"159",317
"160",339
"161",339
"162",339
"163",339
"164",236
"165",339
"166",334
"167",339
"168",289
"169",339
"170",339
"171",319
"172",294
"173",318
"174",339
"175",339
"176",339
"177",339
"178",339
"179",339
"180",339
"181",339
"182",339
"183",339
"184",339
"185",339
"186",339
"187",339
"188",339
"189",292
"190",339
"191",339
"192",339
"193",339
"194",339
"195",339
"196",339
"197",339
"198",339
"199",339
"200",339
"201",339
"202",339
"203",339
"204",339
"205",332
"206",309
"207",339
"208",339
"209",335
"210",339
"211",339
"212",339
"213",339
"214",339
"215",339
"216",339
